{
    "rewards": [
        -0.0541488453745842,
        -0.054151300340890884,
        -0.05486724525690079,
        -0.055304933339357376,
        -0.05558745563030243,
        -0.05610213801264763,
        -0.056561678647994995,
        -0.056906331330537796,
        -0.05860751122236252,
        -0.05864156782627106
    ],
    "arch_seq": [
        [
            17257,
            0,
            11863,
            1,
            0,
            17851,
            1,
            1,
            0,
            7
        ],
        [
            11759,
            1,
            2259,
            0,
            1,
            17851,
            1,
            0,
            0,
            9
        ],
        [
            6897,
            1,
            19009,
            1,
            1,
            18938,
            0,
            1,
            0,
            8
        ],
        [
            6897,
            0,
            6617,
            1,
            0,
            18938,
            1,
            1,
            0,
            7
        ],
        [
            6897,
            1,
            16133,
            1,
            0,
            18938,
            0,
            1,
            0,
            7
        ],
        [
            6897,
            1,
            16133,
            1,
            0,
            18938,
            0,
            0,
            0,
            8
        ],
        [
            17257,
            0,
            11863,
            1,
            0,
            17851,
            1,
            1,
            0,
            9
        ],
        [
            17257,
            0,
            11863,
            0,
            1,
            17851,
            1,
            0,
            0,
            9
        ],
        [
            16708,
            1,
            21361,
            0,
            1,
            8129,
            0,
            1,
            1,
            1
        ],
        [
            17257,
            1,
            2259,
            1,
            1,
            17851,
            1,
            0,
            0,
            9
        ]
    ],
    "index": [
        567,
        415,
        642,
        530,
        411,
        542,
        502,
        675,
        162,
        297
    ]
}