{
    "rewards": [
        -0.02457527630031109,
        -0.02768467739224434,
        -0.02850244753062725,
        -0.02883736789226532,
        -0.028888188302516937,
        -0.029262550175189972,
        -0.02978368103504181,
        -0.029830854386091232,
        -0.029914159327745438,
        -0.030335508286952972
    ],
    "arch_seq": [
        [
            10214,
            1,
            16025,
            1,
            1,
            13950,
            1,
            0,
            1,
            8
        ],
        [
            15887,
            1,
            1890,
            1,
            0,
            18427,
            0,
            1,
            0,
            9
        ],
        [
            16663,
            1,
            13766,
            1,
            0,
            18427,
            1,
            1,
            0,
            3
        ],
        [
            16511,
            0,
            18256,
            1,
            1,
            18427,
            1,
            0,
            1,
            7
        ],
        [
            16511,
            1,
            18256,
            1,
            0,
            18427,
            1,
            0,
            1,
            7
        ],
        [
            8359,
            0,
            13766,
            1,
            0,
            18427,
            1,
            1,
            1,
            7
        ],
        [
            3766,
            1,
            11529,
            1,
            1,
            14626,
            1,
            0,
            1,
            9
        ],
        [
            7535,
            0,
            11529,
            1,
            1,
            14626,
            1,
            0,
            1,
            9
        ],
        [
            10214,
            1,
            16025,
            0,
            0,
            13950,
            1,
            0,
            0,
            1
        ],
        [
            985,
            0,
            13766,
            1,
            0,
            18427,
            0,
            1,
            0,
            9
        ]
    ],
    "index": [
        632,
        758,
        1163,
        1191,
        875,
        1053,
        57,
        352,
        417,
        601
    ]
}