{
    "rewards": [
        -0.36396652460098267,
        -0.3733513355255127,
        -0.38621386885643005,
        -0.3863052427768707,
        -0.3882199227809906,
        -0.3895232677459717,
        -0.3899281919002533,
        -0.390158474445343,
        -0.391095370054245,
        -0.3933801054954529
    ],
    "arch_seq": [
        [
            17473,
            0,
            76,
            1,
            0,
            17851,
            0,
            1,
            1,
            8
        ],
        [
            17473,
            0,
            11529,
            1,
            0,
            17851,
            0,
            0,
            0,
            9
        ],
        [
            17473,
            0,
            11529,
            1,
            1,
            17851,
            0,
            1,
            0,
            9
        ],
        [
            17473,
            0,
            19881,
            0,
            0,
            17851,
            0,
            0,
            1,
            9
        ],
        [
            17473,
            0,
            11529,
            1,
            0,
            17851,
            1,
            0,
            0,
            9
        ],
        [
            17473,
            0,
            11529,
            0,
            0,
            17851,
            0,
            0,
            1,
            9
        ],
        [
            17473,
            0,
            20265,
            1,
            1,
            17851,
            0,
            1,
            0,
            9
        ],
        [
            17473,
            0,
            11529,
            1,
            0,
            17851,
            0,
            1,
            1,
            8
        ],
        [
            17473,
            0,
            11529,
            1,
            1,
            11559,
            0,
            0,
            1,
            9
        ],
        [
            17473,
            0,
            11529,
            1,
            0,
            17851,
            0,
            0,
            1,
            9
        ]
    ],
    "index": [
        832,
        716,
        706,
        800,
        825,
        748,
        789,
        764,
        682,
        643
    ]
}