{
    "rewards": [
        -0.2507876753807068,
        -0.25137555599212646,
        -0.2537385821342468,
        -0.25509271025657654,
        -0.25594455003738403,
        -0.2561212480068207,
        -0.2563605010509491,
        -0.2606271207332611,
        -0.2608451545238495,
        -0.26115864515304565,
        -0.26150649785995483,
        -0.26176294684410095,
        -0.2620716989040375,
        -0.26213642954826355,
        -0.26233357191085815,
        -0.2625202536582947,
        -0.2627398371696472,
        -0.2629328966140747,
        -0.2648513615131378,
        -0.26505234837532043,
        -0.2657572627067566,
        -0.266074538230896,
        -0.26621386408805847,
        -0.2670534551143646,
        -0.2673022449016571,
        -0.26791879534721375,
        -0.2679648995399475,
        -0.26807281374931335,
        -0.2687322497367859,
        -0.2688634991645813,
        -0.2688891589641571,
        -0.2689012885093689,
        -0.2690439522266388,
        -0.2692245543003082,
        -0.2700209617614746,
        -0.2700326144695282,
        -0.2703160047531128,
        -0.2705380618572235,
        -0.2705877423286438,
        -0.2706216275691986,
        -0.27091482281684875,
        -0.27143773436546326,
        -0.271546334028244,
        -0.27177152037620544,
        -0.2717883288860321,
        -0.27181145548820496,
        -0.2718670964241028,
        -0.27211621403694153,
        -0.2721976637840271,
        -0.27234378457069397
    ],
    "arch_seq": [
        [
            16161,
            1,
            20863,
            1,
            0,
            19042,
            0,
            1,
            1,
            6
        ],
        [
            16161,
            1,
            20863,
            1,
            1,
            19042,
            0,
            1,
            1,
            6
        ],
        [
            16161,
            0,
            13745,
            1,
            0,
            19042,
            0,
            1,
            1,
            6
        ],
        [
            16161,
            0,
            13745,
            1,
            1,
            19042,
            0,
            1,
            1,
            6
        ],
        [
            16161,
            0,
            315,
            0,
            0,
            19042,
            1,
            1,
            1,
            6
        ],
        [
            16161,
            1,
            20863,
            1,
            0,
            19042,
            0,
            0,
            1,
            9
        ],
        [
            16161,
            1,
            20863,
            1,
            1,
            19042,
            0,
            0,
            1,
            6
        ],
        [
            16161,
            0,
            20863,
            1,
            0,
            19042,
            0,
            1,
            1,
            6
        ],
        [
            16161,
            1,
            3158,
            1,
            1,
            19042,
            0,
            1,
            1,
            6
        ],
        [
            16161,
            1,
            13745,
            0,
            1,
            19042,
            0,
            1,
            1,
            6
        ],
        [
            16161,
            1,
            3393,
            1,
            1,
            19042,
            0,
            1,
            1,
            6
        ],
        [
            16161,
            0,
            6463,
            0,
            0,
            12916,
            1,
            1,
            0,
            6
        ],
        [
            16161,
            0,
            13745,
            1,
            0,
            19042,
            0,
            1,
            0,
            6
        ],
        [
            17474,
            1,
            20863,
            1,
            1,
            19042,
            0,
            1,
            1,
            6
        ],
        [
            16161,
            0,
            20863,
            1,
            1,
            19042,
            0,
            1,
            1,
            6
        ],
        [
            17474,
            1,
            20863,
            1,
            0,
            19042,
            0,
            1,
            1,
            6
        ],
        [
            11665,
            0,
            13745,
            0,
            1,
            19042,
            1,
            1,
            1,
            6
        ],
        [
            16161,
            1,
            315,
            0,
            0,
            19042,
            1,
            1,
            1,
            6
        ],
        [
            16161,
            0,
            13745,
            1,
            0,
            19042,
            1,
            1,
            1,
            6
        ],
        [
            16161,
            0,
            20863,
            1,
            1,
            19042,
            0,
            0,
            1,
            6
        ],
        [
            11665,
            1,
            13745,
            0,
            1,
            19042,
            1,
            1,
            1,
            6
        ],
        [
            16161,
            0,
            13831,
            0,
            0,
            12916,
            1,
            1,
            1,
            6
        ],
        [
            16161,
            0,
            11862,
            1,
            0,
            12916,
            1,
            1,
            1,
            6
        ],
        [
            16161,
            1,
            20863,
            1,
            0,
            19042,
            0,
            0,
            1,
            6
        ],
        [
            16161,
            0,
            10873,
            0,
            0,
            19042,
            1,
            1,
            1,
            6
        ],
        [
            16161,
            1,
            13745,
            1,
            1,
            19042,
            0,
            1,
            1,
            6
        ],
        [
            16161,
            0,
            20863,
            0,
            0,
            19042,
            0,
            1,
            1,
            6
        ],
        [
            16161,
            0,
            2311,
            1,
            0,
            19042,
            0,
            1,
            1,
            6
        ],
        [
            16161,
            0,
            13745,
            1,
            1,
            19042,
            0,
            1,
            0,
            6
        ],
        [
            16161,
            1,
            20863,
            1,
            0,
            12677,
            0,
            1,
            1,
            6
        ],
        [
            16161,
            1,
            11862,
            1,
            0,
            12916,
            1,
            1,
            1,
            6
        ],
        [
            16161,
            1,
            13745,
            1,
            0,
            19042,
            0,
            1,
            1,
            6
        ],
        [
            16161,
            1,
            13745,
            0,
            0,
            19042,
            0,
            1,
            1,
            6
        ],
        [
            16161,
            1,
            3158,
            1,
            0,
            19042,
            0,
            1,
            1,
            6
        ],
        [
            16161,
            0,
            2727,
            1,
            1,
            12916,
            1,
            1,
            1,
            6
        ],
        [
            16161,
            0,
            13745,
            0,
            0,
            19042,
            0,
