{
    "rewards": [
        -0.31899183988571167,
        -0.3238743245601654,
        -0.3245002031326294,
        -0.32491180300712585,
        -0.32495933771133423,
        -0.3251728415489197,
        -0.32617485523223877,
        -0.32624077796936035,
        -0.3264380395412445,
        -0.32649683952331543,
        -0.3272790312767029,
        -0.3278838098049164,
        -0.32818302512168884,
        -0.3285374939441681,
        -0.3286890685558319,
        -0.3288267254829407,
        -0.3288520574569702,
        -0.32894065976142883,
        -0.3290497958660126,
        -0.3292929530143738,
        -0.32937386631965637,
        -0.32938191294670105,
        -0.32943013310432434,
        -0.32948291301727295,
        -0.329529732465744,
        -0.3296147882938385,
        -0.3297085464000702,
        -0.3297281265258789,
        -0.32981476187705994,
        -0.33012211322784424,
        -0.33036160469055176,
        -0.3305707275867462,
        -0.3306613564491272,
        -0.3306892514228821,
        -0.33070769906044006,
        -0.33077698945999146,
        -0.33085402846336365,
        -0.3308590054512024,
        -0.3308629095554352,
        -0.3308629095554352,
        -0.3309011459350586,
        -0.3309140205383301,
        -0.331017404794693,
        -0.3311317265033722,
        -0.33124908804893494,
        -0.33131280541419983,
        -0.3313858211040497,
        -0.3314586579799652,
        -0.33149632811546326,
        -0.3315286934375763
    ],
    "arch_seq": [
        [
            17577,
            1,
            10655,
            1,
            0,
            16498,
            0,
            1,
            1,
            9
        ],
        [
            17577,
            1,
            8971,
            0,
            1,
            16498,
            0,
            1,
            1,
            8
        ],
        [
            17577,
            1,
            19009,
            1,
            0,
            16498,
            1,
            1,
            0,
            6
        ],
        [
            17577,
            1,
            10655,
            1,
            0,
            16498,
            1,
            1,
            0,
            6
        ],
        [
            17577,
            0,
            16133,
            1,
            1,
            16498,
            0,
            1,
            0,
            7
        ],
        [
            17577,
            0,
            10655,
            1,
            0,
            16498,
            1,
            1,
            0,
            9
        ],
        [
            17577,
            0,
            8200,
            0,
            0,
            16498,
            1,
            1,
            0,
            9
        ],
        [
            17577,
            0,
            13766,
            1,
            1,
            16498,
            0,
            1,
            0,
            10
        ],
        [
            17577,
            1,
            16012,
            1,
            1,
            16498,
            1,
            1,
            0,
            8
        ],
        [
            17577,
            0,
            8971,
            1,
            1,
            16498,
            1,
            1,
            1,
            8
        ],
        [
            17577,
            1,
            8971,
            1,
            0,
            16498,
            1,
            1,
            0,
            8
        ],
        [
            17577,
            1,
            10655,
            1,
            0,
            16498,
            1,
            1,
            0,
            9
        ],
        [
            17577,
            0,
            1890,
            1,
            0,
            16498,
            0,
            1,
            0,
            7
        ],
        [
            17577,
            1,
            10655,
            0,
            0,
            16498,
            1,
            1,
            0,
            9
        ],
        [
            17577,
            1,
            8971,
            1,
            0,
            16498,
            1,
            1,
            1,
            9
        ],
        [
            17577,
            0,
            8971,
            0,
            0,
            16498,
            1,
            1,
            1,
            6
        ],
        [
            17577,
            1,
            16133,
            1,
            0,
            16498,
            0,
            1,
            0,
            7
        ],
        [
            17577,
            0,
            1890,
            1,
            1,
            16498,
            1,
            1,
            1,
            7
        ],
        [
            17577,
            1,
            8971,
            1,
            0,
            16498,
            1,
            1,
            1,
            6
        ],
        [
            17577,
            0,
            8971,
            1,
            0,
            16498,
            0,
            1,
            1,
            6
        ],
        [
            17577,
            1,
            8971,
            1,
            0,
            16498,
            1,
            1,
            1,
            8
        ],
        [
            17577,
            1,
            10655,
            1,
            0,
            16498,
            0,
            1,
            0,
            9
        ],
        [
            17577,
            1,
            19009,
            1,
            1,
            16498,
            1,
            1,
            0,
            6
        ],
        [
            17577,
            0,
            8971,
            1,
            0,
            16498,
            1,
            1,
            1,
            6
        ],
        [
            17577,
            1,
            16012,
            1,
            0,
            16498,
            0,
            1,
            0,
            8
        ],
        [
            17577,
            0,
            8971,
            1,
            0,
            16498,
            1,
            1,
            0,
            6
        ],
        [
            17577,
            1,
            8971,
            1,
            1,
            16498,
            1,
            1,
            1,
            8
        ],
        [
            17577,
            0,
            8971,
            1,
            1,
            16498,
            1,
            1,
            1,
            6
        ],
        [
            17577,
            0,
            10655,
            0,
            0,
            16498,
            1,
            1,
            0,
            6
        ],
        [
            17577,
            0,
            3696,
            1,
            1,
            16498,
            1,
            1,
            1,
            8
        ],
        [
            17577,
            1,
            10655,
            0,
            0,
            16498,
            0,
            1,
            0,
            9
        ],
        [
            17577,
            0,
            8971,
            1,
            0,
            19283,
            1,
            1,
            1,
            6
        ],
        [
            17577,
            1,
            1890,
            1,
            0,
            16498,
            0,
            1,
            0,
            7
        ],
        [
            17577,
            1,
            19881,
            1,
            1,
            16498,
            0,
            1,
            0,
            8
        ],
        [
            17577,
            0,
            9924,
            1,
            0,
            19599,
            1,
            1,
            0,
            7
        ],
        [
            17577,
            1,
            16133,
            1,
            1,
            16498,
            0,
