0,1,2,3,4,5,6,7,8,9,objective,elapsed_sec
9056,0,7491,0,1,18523,1,1,1,8,-0.06432637572288513,88.31606817245483
20637,0,13472,0,0,5897,1,1,1,2,-0.2505573034286499,86.7333300113678
12222,1,870,1,0,15508,0,0,0,1,-0.08145526796579361,89.35730767250061
8065,1,18757,0,1,11838,1,1,0,6,-0.13282687962055206,85.44060373306274
20630,1,3733,0,0,750,0,0,1,4,-0.12422448396682739,99.63879895210266
17975,1,15668,1,0,2672,1,1,0,2,-0.1574961096048355,104.43354868888855
15287,1,3664,0,0,2270,1,0,0,5,-0.15084801614284515,98.98691272735596
20774,1,20835,0,0,4431,0,0,0,10,-0.9657180309295654,116.8256824016571
