{
    "rewards": [
        -0.18460451066493988,
        -0.18954668939113617,
        -0.1897532343864441,
        -0.19121937453746796,
        -0.19282366335391998,
        -0.192911759018898,
        -0.19297105073928833,
        -0.19324474036693573,
        -0.19360405206680298,
        -0.19418182969093323
    ],
    "arch_seq": [
        [
            8816,
            1,
            21138,
            0,
            0,
            3196,
            1,
            1,
            0,
            6
        ],
        [
            3793,
            1,
            2488,
            1,
            0,
            19599,
            1,
            1,
            1,
            5
        ],
        [
            3793,
            1,
            290,
            0,
            1,
            19599,
            1,
            1,
            0,
            6
        ],
        [
            3793,
            0,
            16948,
            1,
            1,
            12928,
            1,
            1,
            0,
            10
        ],
        [
            3793,
            1,
            11343,
            1,
            0,
            19599,
            1,
            0,
            0,
            6
        ],
        [
            16330,
            1,
            3393,
            0,
            1,
            19599,
            1,
            0,
            0,
            6
        ],
        [
            19640,
            1,
            6109,
            0,
            1,
            19599,
            1,
            0,
            0,
            6
        ],
        [
            2578,
            1,
            1050,
            0,
            0,
            19599,
            1,
            0,
            0,
            6
        ],
        [
            3793,
            1,
            6109,
            1,
            0,
            19599,
            1,
            0,
            0,
            6
        ],
        [
            3793,
            1,
            11343,
            0,
            0,
            19599,
            1,
            1,
            1,
            6
        ]
    ],
    "index": [
        159,
        1039,
        792,
        396,
        764,
        677,
        567,
        848,
        598,
        860
    ]
}